J028LGP417;MAYENNE;4H
J072LGP137;MAYENNE;4H
J00PLGP539;MAYENNE;4H
J0H1LGP12F;MAYENNE;4H
J0GELGP12F;MAYENNE;4H
7J34LGP1G02B;MAYENNE;4H
8221JZG11156;MAYENNE;4H
8251KJN21086;MAYENNE;4H
7J2BJNT1K00L;MAYENNE;4H
8251KJN21084;MAYENNE;4H
J06VLGP42T;MAYENNE;4H
GBJ44400BW;MAYENNE;4H
8221JZG11128;MAYENNE;4H
8251KJN21088;MAYENNE;4H
J01GLGP13G;MAYENNE;4H
GBJ44400MH;MAYENNE;4H
GBJ44710HV;MAYENNE;4H
7J34LGP1J00V;MAYENNE;4H
R202JMN10000;MAYENNE;4H
7J34LGP1J00S;MAYENNE;4H
7J2BJZS1L01Y;MAYENNE;4H
8051FD911065;MAYENNE;4H
7J22JZS1J06D;MAYENNE;4H
8208FRW11016;MAYENNE;4H
7J18JRS1EK0J;MAYENNE;4H
7J35LGP4L002;MAYENNE;4H
7J22JZS1J074;MAYENNE;4H
7J35LGP4L006;MAYENNE;4H
J05ZLGP11J;MAYENNE;4H
D329LDN1H670;MAYENNE;4H
J049LGP11J;MAYENNE;4H
D329LDN1J438;MAYENNE;4H
J06BLGP128;MAYENNE;4H
7J37LGP1G007;MAYENNE;4H
7J33LGP1T01Y;MAYENNE;4H
J0FXLGP41K;MAYENNE;4H
J014LGP41F;MAYENNE;4H
J028LGP41F;MAYENNE;4H
GBJ51901YE;MAYENNE;4H
J048LGP832;MAYENNE;4H
J00HLGP533;MAYENNE;4H
J02YLGP83J;MAYENNE;4H
8H02LGP33T;MAYENNE;4H
J0B9LGP11J;MAYENNE;4H
J05NLGP128;MAYENNE;4H
GBJ50701MX;MAYENNE;4H
GBJ51904L4;MAYENNE;4H
GB844819SK;LAVAL;4H
GBJ5090255;LAVAL;4H
M00DLYPN4C;MAYENNE;4H
GBJ51903VN;MAYENNE;4H
GBJ5090258;MAYENNE;4H
GBJ512007A;MAYENNE;4H
GBJ51200R5;MAYENNE;4H
GBJ51100TK;MAYENNE;4H
GBJ512008N;MAYENNE;4H
GBJ51104J3;MAYENNE;4H
8019MFT33X;MAYENNE;4H
804NMFT33W;MAYENNE;4H
GBJ45301KY;MAYENNE;4H
GBJ52303YG;MAYENNE;4H
GBJ5240368;MAYENNE;4H
GBJ52304AX;MAYENNE;4H
GB8536JASC;LAVAL;4H
GBJ53800ZK;MAYENNE;4H
GB8542MD07;MAYENNE;4H
GBJ5370539;MAYENNE;4H
GBJ53705UB;MAYENNE;4H
7J33JNT1G01W;MAYENNE;4H
GB8537K270;MAYENNE;4H
GB8537K20D;MAYENNE;4H
GBJ54901BC;MAYENNE;4H
GBJ54901BE;MAYENNE;4H
GBJ54901AX;MAYENNE;4H
GBJ54301M5;LAVAL;4H
GBJ54301LZ;MAYENNE;4H
GBJ54202TR;MAYENNE;4H
GBJ54301MK;MAYENNE;4H
GBJ55105KJ;MAYENNE;4H
GBJ55201XS;MAYENNE;4H
GBJ5510598;MAYENNE;4H
GBJ51904KM;MAYENNE;4H
GBJ539006D;MAYENNE;4H
GBJ53705UE;MAYENNE;4H
GBJ53601C1;MAYENNE;4H
GBJ61005J5;MAYENNE;4H
GBJ60300F9;MAYENNE;4H
GBJ538011A;MAYENNE;4H
GBJ61003D5;MAYENNE;4H
GBJ616008L;MAYENNE;4H
GBJ616074S;MAYENNE;4H
GBJ53705U9;MAYENNE;4H
GBJ53601CJ;MAYENNE;4H
GBJ61604EC;MAYENNE;4H
GBJ61001D2;MAYENNE;4H
GBJ54705X9;MAYENNE;4H
GBJ61000VH;MAYENNE;4H
CZJ62000JX;MAYENNE;4H
GBJ619036D;MAYENNE;4H
CZJ619009V;MAYENNE;4H
GBJ61000VF;MAYENNE;4H
GBJ61001C6;MAYENNE;4H
GBJ619036Y;MAYENNE;4H
GBJ54705X7;MAYENNE;4H
GBJ6150282;MAYENNE;4H
GBJ615050P;MAYENNE;4H
CZJ64200AV;MAYENNE;4H
CZJ64906V1;MAYENNE;4H
CZJ652061J;MAYENNE;4H
CZJ64303W9;MAYENNE;4H
CZJ64902L5;MAYENNE;4H
CZJ65205C3;MAYENNE;4H
CZJ64906U8;MAYENNE;4H
CZJ64200AW;MAYENNE;4H
CZJ6410034;MAYENNE;4H
CZJ65007M6;MAYENNE;4H
CZJ6420A72;MAYENNE;4H
CZJ635040P;MAYENNE;4H
CZJ628037C;MAYENNE;4H
CZJ70302ZK;MAYENNE;4H
CZJ70502F5;LAVAL;4H
CZJ70302ZG;MAYENNE;4H
GB8713AE89;MAYENNE;4H
R146JMN10000;MAYENNE;4H
CZJ72106F3;MAYENNE;4H
CZJ71708PD;MAYENNE;4H
CZJ72103GW;MAYENNE;4H
CZJ72103FY;MAYENNE;4H
GB8724JDTJ;MAYENNE;4H
CZJ72106EX;LAVAL;4H
CZJ72105VM;MAYENNE;J+1
CZJ72504AE;MAYENNE;4H
CZJ735037L;MAYENNE;4H
CZJ735037X;LAVAL;4H
CZJ735037K;"CESSON SEVIGNE";4H
CZJ735036Y;LAVAL;4H
CZJ736015K;MAYENNE;4H
CZJ741045P;MAYENNE;4H
CZJ74203WA;"CESSON SEVIGNE";4H
CZJ742071S;MAYENNE;4H
CZJ74203VX;MAYENNE;4H
CZJ7460A2H;MAYENNE;4H
CZJ7460A2B;MAYENNE;4H
CZJ7510331;MAYENNE;4H
CZJ751A5R3;MAYENNE;4H
CZJ751032X;MAYENNE;4H
8063LDN434;MAYENNE;4H
CZJ65205AZ;MAYENNE;4H
J07WLGP42T;MAYENNE;4H
7J26JZS15070;MAYENNE;4H
J08NLGP42T;MAYENNE;4H
7J29JZS1B027;MAYENNE;4H
CZJ751A9B0;MAYENNE;4H
CZJ751A9AE;MAYENNE;4H
GBJ53800Z4;MAYENNE;4H
CZJ751A9AU;MAYENNE;4H
CZJ751A9FC;MAYENNE;4H
CZJ751A94H;MAYENNE;4H
CZJ751A939;MAYENNE;4H
CZJ741045R;LAVAL;4H
CZJ751A99D;MAYENNE;4H
CZJ751A9BJ;MAYENNE;4H
CZJ751A99G;MAYENNE;4H
CZJ751A8VV;"CESSON SEVIGNE";4H
CZJ817A6CP;MAYENNE;4H
CZJ816A84M;MAYENNE;4H
CZJ73605P2;MAYENNE;J+1
7J34KYD1E026;MAYENNE;4H
7J25JZS1800R;MAYENNE;4H
8115FRZ11057;MAYENNE;4H
8208FRW11006;MAYENNE;4H
7J34LGP1G01S;MAYENNE;4H
800BLJC11V;MAYENNE;4H
8023LDN73V;MAYENNE;J+1
GBJ524036H;MAYENNE;J+1
8146FSB11031;MAYENNE;4H
GBJ509025F;MAYENNE;4H
GBJ51700JZ;MAYENNE;J+1
B34FZ0J;MAYENNE;J+1
7J32JNT1E018;MAYENNE;J+1
GBJ520056S;MAYENNE;J+1
805WLDN43F;MAYENNE;J+1
CZJ62500SN;MAYENNE;J+1
CZJ6300050;MAYENNE;J+1
CZJ63003XP;MAYENNE;J+1
CZJ62901HF;MAYENNE;J+1
CZJ630004Y;MAYENNE;J+1
CZJ630004T;MAYENNE;J+1
80FYLJC128;MAYENNE;4H
800DJTK82R;MAYENNE;4H
NT68MU0802;MAYENNE;4H
CZJ72804CM;MAYENNE;J+1
CZJ74700ZD;MAYENNE;J+1
CZJ751A8ZR;MAYENNE;J+1
CZ181002JA;MAYENNE;J+1
CZ181002J6;MAYENNE;J+1
CZ181002ND;MAYENNE;J+1
CZ1814022S;MAYENNE;J+1
CZ1814023A;MAYENNE;J+1
CZ18140235;MAYENNE;J+1
CZ1814021X;MAYENNE;J+1
CZ18140232;MAYENNE;J+1
CZ1814022Y;MAYENNE;J+1
CZ1814022X;MAYENNE;J+1
CZ18140228;MAYENNE;J+1
CZ1814022V;MAYENNE;J+1
CZJ751A99C;MAYENNE;J+1
CZJ816A853;MAYENNE;J+1
CZJ813A43B;MAYENNE;J+1
CZJ813A43E;PARIS;J+1
CZJ813A43V;PARIS;J+1
8189LJC134;"CESSON SEVIGNE";4H
7J34LGP1G032;"CESSON SEVIGNE";J+1
8316KJN21229;"CESSON SEVIGNE";J+1
CZJ63400J3;"CESSON SEVIGNE";J+1
CZJ71109XU;"CESSON SEVIGNE";4H
CZJ813A52U;MAYENNE;J+1
CZJ820A736;MAYENNE;J+1
CZJ812A3FA;MAYENNE;4H
CZJ827A6UB;MAYENNE;4H
CZJ827A6X5;MAYENNE;4H
CZJ825A8X1;MAYENNE;4H
CZJ829A5G9;"CESSON SEVIGNE";4H
CZJ827A6WE;MAYENNE;4H
CZJ826A053;"CESSON SEVIGNE";4H
CZJ826A06D;"CESSON SEVIGNE";4H
CZJ826A06U;"CESSON SEVIGNE";4H
CZJ825A8P2;MAYENNE;4H
CZJ829A5GY;MAYENNE;4H
CZJ829A5H3;MAYENNE;4H
CZJ829A5FX;MAYENNE;4H
CZJ826A06E;MAYENNE;4H
3UV733N083;MAYENNE;4H
CZJ825A0X8;LAVAL;4H
CZJ834A62N;MAYENNE;4H
CZJ839A69T;MAYENNE;4H
CZJ839A6KL;MAYENNE;4H
CZJ839A7KE;MAYENNE;4H
CZJ840A1T2;MAYENNE;4H
CZJ840A1T6;MAYENNE;4H
CZJ840A2N8;LAVAL;4H
CZC8395ZGQ;MAYENNE;4H
CZJ840A1UB;MAYENNE;4H
CZJ840A1TT;MAYENNE;4H
CZC8395ZTD;MAYENNE;4H
CZC83936DZ;MAYENNE;4H
CZJ840A2NP;"CESSON SEVIGNE";4H
CZJ751A99Z;MAYENNE;4H
CZJ842A329;MAYENNE;4H
CZJ842A32N;MAYENNE;4H
CZJ840A2NC;MAYENNE;4H
CZJ840A1SY;MAYENNE;4H
CZJ840A1TL;MAYENNE;4H
CZJ840A1TM;MAYENNE;4H
CZJ840A1TP;MAYENNE;4H
CZJ840A1SS;MAYENNE;4H
CZJ840A1TG;MAYENNE;4H
CZJ842A2P8;MAYENNE;4H
CZJ840A1UG;MAYENNE;4H
CZC82223FM;LAVAL;4H
CZC8211207;MAYENNE;4H
CZC837325Y;MAYENNE;4H
CZC837325R;MAYENNE;4H
CZC8246L69;MAYENNE;4H
CZC8246KK8;MAYENNE;4H
CZC8246KYS;MAYENNE;4H
CZC8246KKB;MAYENNE;4H
CZJ816A84B;MAYENNE;4H
CZJ7510326;MAYENNE;4H
CZJ751A94G;MAYENNE;4H
CZJ848A46T;MAYENNE;4H
CZC8511F98;MAYENNE;4H
CZJ848A46A;MAYENNE;4H
CZJ848A477;MAYENNE;4H
CZJ847A7CF;lAVAL;4H
CZJ847A7CP;lAVAL;4H
CZJ840A1SF;lAVAL;4H
CZJ840A1U2;lAVAL;4H
CZJ848A474;LAVAL;4H
CZJ903A1SY;MAYENNE;4H
CZJ903A1SW;LAVAL;4H
CZC8371Y30;MAYENNE;4H
CZJ903A201;MAYENNE;4H
CZJ910A3TG;"CESSON SEVIGNE";4H
CZJ912A44U;"CESSON SEVIGNE";4H
CZJ916A7FT;"CESSON SEVIGNE";J+1
CZJ904A488;MAYENNE;4H
CZJ904A49R;MAYENNE;4H
CZJ904A48J;MAYENNE;4H
CZC837326L;MAYENNE;4H
CZ191501C8;MAYENNE;J+1
CZJ904A48X;MAYENNE;4H
CZJ904A49P;MAYENNE;4H
CZC9151F18;MAYENNE;4H
CZJ923010N;MAYENNE;4H
CZJ923010L;MAYENNE;4H
CZJ923086A;MAYENNE;4H
CZJ921038H;MAYENNE;4H
CZJ92103S3;MAYENNE;4H
CZJ927076B;MAYENNE;4H
CZJ9270768;MAYENNE;4H
CZJ903A206;MAYENNE;4H
CZJ903A20E;MAYENNE;4H
1PGKX2J;MAYENNE;J+1
2HZC13J;MAYENNE;J+1
CZJ93101BL;MAYENNE;4H
CZJ907A1FG;MAYENNE;4H
CZJ910A3C0;MAYENNE;4H
CZJ911A0G5;MAYENNE;4H
CZJ928089R;LAVAL;4H
CZJ928088A;"CESSON SEVIGNE";4H
CZJ917A2J5;MAYENNE;4H
CZJ917A2J2;MAYENNE;4H
CZJ917A2HW;MAYENNE;4H
CZJ93807W8;MAYENNE;4H
CZJ93807VE;MAYENNE;4H
CZJ93806DX;MAYENNE;4H
CZJ93604HH;LAVAL;4H
CZJ65101DZ;MAYENNE;4H
CZJ751A90V;MAYENNE;4H
CZJ7510327;MAYENNE;4H
SCZJ63806T6;MAYENNE;4H
GBJ53705TN;MAYENNE;4H
CZJ64108DP;MAYENNE;4H
CZJ903A1SX;MAYENNE;4H
CZJ93304T5;LAVAL;4H
CZJ93604PB;MAYENNE;4H
CZJ93603LK;MAYENNE;4H
CZJ93303K5;MAYENNE;4H
CZJ931069D;MAYENNE;4H
CZJ929076X;LAVAL;4H
CZJ929077D;MAYENNE;4H
CZJ92909CU;MAYENNE;4H
CZJ929079K;MAYENNE;4H
CZJ9230834;MAYENNE;4H
CZJ93905ET;LAVAL;4H
CZJ93905ES;MAYENNE;4H
CZJ93304T3;MAYENNE;4H
CZJ93303L0;LAVAL;4H
CZJ933052L;LAVAL;4H
CZJ933052P;MAYENNE;4H
CZJ946066J;MAYENNE;4H
CZJ946065Z;MAYENNE;4H
CZJ933052M;MAYENNE;4H
CZJ946066V;MAYENNE;4H
CZJ9470430;LAVAL;4H
CZJ94606VZ;MAYENNE;4H
CZJ94707T8;LAVAL;4H
CZJ94609NK;MAYENNE;4H
CZJ94609NB;MAYENNE;4H
CZJ94707TK;LAVAL;4H
CZJ94707U4;LAVAL;4H
CZJ94707TW;MAYENNE;4H
CZJ94609MM;MAYENNE;4H
CZJ93905EE;MAYENNE;4H
CZJ947042Z;MAYENNE;4H
CZJ0060373;LAVAL;4H
CZJ00603UU;LAVAL;4H
CZJ006036Z;LAVAL;4H
CZJ94707T2;LAVAL;4H
CZJ0010582;LAVAL;4H
CZJ00205JN;LAVAL;4H
CZJ00205LT;LAVAL;4H
CZJ93806D0;MAYENNE;4H
D019FNC1K364;MAYENNE;4H
CZJ0060375;MAYENNE;4H
CZJ94609NU;LAVAL;4H
CZJ94609NR;LAVAL;4H
CZJ950017E;MAYENNE;4H
CZJ950017K;MAYENNE;4H
CZJ008019C;MAYENNE;4H
CZJ94609R9;MAYENNE;4H
CZJ008019T;MAYENNE;4H
CZJ01301PB;MAYENNE;4H
CZJ94606W2;MAYENNE;4H
CZJ94609P0;MAYENNE;4H
CZJ00902N1;LAVAL;4H
CZJ00902MH;LAVAL;4H
CZJ01200F8;LAVAL;4H
CZJ01200E1;LAVAL;4H
CZJ95104B6;LAVAL;4H
CZJ00902MG;LAVAL;4H
CZJ01200AX;LAVAL;4H
CZJ01102PT;LAVAL;4H
CZJ00801BC;MAYENNE;4H
CZJ00801A8;MAYENNE;4H
CZJ0110E54;LAVAL;4H
CZJ0110EEB;LAVAL;4H
CZJ00902MS;MAYENNE;4H
CZJ00901X3;MAYENNE;4H
CZJ00901X4;MAYENNE;4H
CZJ00902MK;MAYENNE;4H
CZJ00801BG;MAYENNE;4H
CZJ01200FD;MAYENNE;4H
CZJ820A19A;MAYENNE;4H
CZJ917A2LY;MAYENNE;J+1
CZJ01200FL;MAYENNE;4H
CZJ01301TY;LAVAL;4H
CZJ01303RG;MAYENNE;4H
CZJ01807Q3;MAYENNE;4H
CZJ01807R1;MAYENNE;4H
CZJ01702LV;MAYENNE;4H
CZJ01701R8;MAYENNE;4H
CZJ01807NF;MAYENNE;4H
CZJ01807R7;MAYENNE;4H
CZJ01807NG;MAYENNE;4H
CZJ01807QD;LAVAL;4H
CZJ01301TD;MAYENNE;4H
CZJ01301T3;MAYENNE;4H
CZJ01301RY;MAYENNE;4H
CZJ00902MT;MAYENNE;4H
CZJ01301TU;MAYENNE;4H
CZJ015071L;LAVAL;4H
CZJ0320781;MAYENNE;4H
GB8541M31V;SARAN;4H
GBJ61000M2;SARAN;4H
GB8552V94L;SARAN;4H
GB8602W6W3;SARAN;4H
GBJ54104S;SARAN;4H
CZJ628037A;SARAN;4H
J00CLK692F;SARAN;4H
8007LJC12V;SARAN;4H
CZJ032077S;LAVAL;4H
CZJ032077F;MAYENNE;4H
CZJ032077D;LAVAL;4H
CZJ02604F8;MAYENNE;4H
CZJ03706BD;LAVAL;4H
CZJ0320FY6;MAYENNE;4H
CZJ0320776;MAYENNE;4H
CZJ044079C;LAVAL;4H
CZJ04407FV;LAVAL;4H
CZJ04407DF;LAVAL;4H
CZJ0430CSV;LAVAL;4H
CZJ0390WLN;LAVAL;4H
CZJ04407G1;LAVAL;4H
CZJ0440795;LAVAL;4H
CZJ044078J;LAVAL;4H
CZJ04407FQ;LAVAL;4H
CZJ0380HJL;LAVAL;4H
CZJ0400BTW;LAVAL;4H
CZJ0430CSX;LAVAL;4H
CZJ0430CSR;LAVAL;4H
CZJ04407G7;LAVAL;4H
CZJ0430CST;"CESSON SEVIGNE";J+1
CZJ0430CSW;"CESSON SEVIGNE";J+1
CZJ0400BTC;"CESSON SEVIGNE";J+1
CZJ0430CSS;"CESSON SEVIGNE";J+1
CZJ026024Z;MAYENNE;4H
CZJ0260241;LAVAL;4H
CZJ03706Q9;MAYENNE;4H
CZJ03706HT;MAYENNE;4H
CZJ04508GL;MAYENNE;4H
CZJ0460VJD;MAYENNE;4H
CZJ0460VCW;MAYENNE;4H
CZJ03900LC;MAYENNE;4H
CZJ0460VJL;MAYENNE;4H
CZJ72904XS;MAYENNE;4H
CZJ94802XS;MAYENNE;4H
CZJ94802Y6;MAYENNE;4H
CZ191201UT;MAYENNE;4H
CZJ010090Z;MAYENNE;4H
GB8919R8HP;MAYENNE;4H
GB8919R8JN;MAYENNE;4H
CZ100301L6;MAYENNE;4H
CZJ0390WM1;MAYENNE;4H
CZJ03900L9;MAYENNE;4H
CZJ0460VFM;MAYENNE;4H
CZJ0460VHC;MAYENNE;4H
CZJ72805CF;"CESSON SEVIGNE";J+1
CZJ917A2JL;MAYENNE;J+1
GB8919R603;MAYENNE;J+1
GB8926VCSB;MAYENNE;J+1
CZJ1017V0H;MAYENNE;4H
CZJ0460VF3;LAVAL;4H
CZJ0460VF7;LAVAL;4H
CZJ0460VF9;LAVAL;4H
CZJ10300YF;LAVAL;4H
CZJ107089F;MAYENNE;4H
CZJ1070897;LAVAL;4H
CZJ103013V;MAYENNE;4H
CZJ10300YS;MAYENNE;4H
CZJ103013J;MAYENNE;4H
CZJ10300YZ;MAYENNE;4H
CZJ0460VFJ;LAVAL;4H
CZJ107085F;LAVAL;4H
CZJ107086Q;LAVAL;4H
CZJ10808GF;LAVAL;4H
CZJ10808G7;LAVAL;4H
CZJ10808GQ;LAVAL;4H
CZJ10808GN;LAVAL;4H
CZJ1080BYB;LAVAL;4H
CZJ10808GM;LAVAL;4H
CZJ10808GX;LAVAL;4H
CZJ10808GH;LAVAL;4H
CZJ1070846;LAVAL;4H
CZJ1070899;MAYENNE;4H
CZJ107085S;LAVAL;4H
CZJ0481CTZ;MAYENNE;4H
CZJ103013H;LAVAL;4H
CZJ103010Y;MAYENNE;4H
CZJ103014J;MAYENNE;4H
CZJ105054C;Laval;4H
CZJ1050514;LAVAL;4H
CZJ10504Y1;LAVAL;4H
CZJ10504YZ;MAYENNE;4H
CZJ1050549;Laval;4H
CZJ1050520;MAYENNE;4H
CZJ10504YR;LAVAL;4H
CZJ105052M;LAVAL;J+1
CZJ0460VG1;MAYENNE;4H
CZJ0460JMW;MAYENNE;4H
CZJ0421XVS;MAYENNE;4H
CZJ10804RS;MAYENNE;4H
CZJ10804N6;LAVAL;4H
CZJ10906WC;LAVAL;4H
CZJ109094Z;LAVAL;4H
CZJ10804QB;LAVAL;4H
CZJ11205G9;MAYENNE;4H
CZJ1090JS1;MAYENNE;4H
CZJ1070854;LAVAL;4H
CZJ103074R;LAVAL;4H
CZJ0460VF5;LAVAL;4H
CZJ1060HDV;LAVAL;4H
CZJ105051N;MAYENNE;4H
CZJ105053B;LAVAL;4H
CZJ11400J7;LAVAL;4H
CZJ11400JY;MAYENNE;4H
CZJ10804NS;LAVAL;4H
CZJ1080C3Q;LAVAL;4H
CZJ1080BYY;LAVAL;4H
CZJ1080C3P;LAVAL;4H
CZJ1080BZ4;LAVAL;4H
CZJ1080BTZ;LAVAL;4H
CZJ0460VGG;LAVAL;4H
CZJ10804NY;LAVAL;4H
CZJ0460VH5;laVAL;4H
CZJ1080C25;MAYENNE;4H
CZJ105052S;MAYENNE;4H
CZJ11400HD;MAYENNE;4H
CZJ10804R5;MAYENNE;4H
CZJ11400K2;MAYENNE;4H
CZJ10804PL;MAYENNE;4H
CZJ1140CH9;"CESSON SEVIGNE";J+1
CZ211901JS;MAYENNE;4H
CZJ113081N;LAVAL;4H
CZJ1130827;LAVAL;4H
CZJ1130824;LAVAL;4H
CZJ1140QZ7;MAYENNE;4H
CZJ1080C4T;laVAL;4H
CZJ1140QX9;MAYENNE;4H
CZJ1140QX8;MAYENNE;4H
CZJ11206VQ;MAYENNE;4H
GB8726KSRS;SARAN;J+1
GB8723HBNY;SARAN;J+1
BLQ4GQ1;LAVAL;4H
"BLQ3GQ1 ";LAVAL;4H
CZJ93905E3;LAVAL;4H
CZJ00800CY;LAVAL;4H
CZJ11206X4;LAVAL;4H
CZJ11206X5;LAVAL;4H
CZJ11206V4;LAVAL;4H
CZJ11206ZH;LAVAL;4H
CZJ1080BZ3;LAVAL;4H
CZJ1080BT7;LAVAL;4H
CZJ133152R;MAYENNE;4H
CZJ13404QL;MAYENNE;4H
CZJ13404NS;LAVAL;4H
CZJ13404QB;laval;4H
CZJ134055C;MAYENNE;4H
CZJ13404Q8;MAYENNE;4H
CZJ13404NQ;LAVAL;4H
CZJ1331530;lavAL;4H
CZJ13405RY;MAYENNE;4H
CZJ134055F;LAVAL;4H
CZJ1080FN4;MAYENNE;4H
CZJ1340CBM;LAVAL;4H
CZJ1340CCH;LAVAL;4H
CZJ1340CD6;MAYENNE;4H
CZJ1340CCZ;LAVAL;4H
CZJ1340CCB;LAVAL;4H
CZJ12604RH;LAVAL;4H
CZJ1340C9S;LAVAL;4H
CZJ1340CC4;LAVAL;4H
CZJ1340CCK;LAVAL;4H
CZJ1340C9K;LAVAL;4H
CZJ1340CC3;MAYENNE;4H
F7H461J;SARAN;J+1
CZJ1340C9J;LAVAL;4H
CZJ1340CCL;LAVAL;4H
CZJ13706W5;lavAL;4H
CZJ13706Y8;MAYENNE;4H
CZJ13706WR;MAYENNE;4H
CZJ13706TM;MAYENNE;4H
CZJ13706W2;LAVAL;4H
CZJ13706W6;MAYENNE;4H
CZJ13706ZY;MAYENNE;4H
CZJ13706ZZ;MAYENNE;4H
CZJ13706XB;MAYENNE;4H
CZJ13706WX;MAYENNE;4H
CZJ1340CCP;LAVAL;4H
CZJ1350948;LAVAL;4H
CZJ1410T19;LAVAL;4H
CZJ1410T0W;MAYENNE;4H
CZJ1410T1H;MAYENNE;4H
CZJ1410SZH;MAYENNE;4H
CZJ1410T0M;MAYENNE;4H
CZJ1410T0P;LAVAL;4H
CZJ1410T0Q;LAVAL;4H
CZJ1410T0S;LAVAL;4H
CZJ1340C9Z;LAVAL;4H
CZJ135094C;MAYENNE;4H
F89F25J;MAYENNE;4H
G89F25J;LAVAL;4H
GB8919R8JF;MAYENNE;4H
CZJ813A43F;MAYENNE;4H
CZJ952020Z;LAVAL;4H
CZJ952020N;MAYENNE;4H
CZJ813A43C;MAYENNE;4H
CZ1940047G;MAYENNE;4H
CZJ93805ES;MAYENNE;4H
CZJ942048M;MAYENNE;4H
CZ185100FR;MAYENNE;4H
CZJ827A6UE;MAYENNE;4H
CZJ7150880;MAYENNE;4H
CZJ817A4RX;MAYENNE;4H
CZJ751A922;MAYENNE;4H
CZC8195TPQ;MAYENNE;4H
CZ100301K6;MAYENNE;4H
CZ1001020F;MAYENNE;4H
CZ10010201;MAYENNE;4H
CZ100101ZU;MAYENNE;4H
CZ100301JW;MAYENNE;4H
CZJ0400HKW;MAYENNE;4H
CZJ03911ZN;MAYENNE;4H
CZJ93905EN;MAYENNE;4H
CZ1001020L;MAYENNE;4H
GB8919R8HY;MAYENNE;4H
CZJ95005HW;MAYENNE;4H
CZ100700JS;MAYENNE;4H
CZJ95305RJ;MAYENNE;4H
CZ100301K4;MAYENNE;4H
CZ10010208;MAYENNE;4H
CZ100700JU;MAYENNE;4H
CZ100301KT;MAYENNE;4H
CZ100301K5;MAYENNE;4H
CZ1001020X;MAYENNE;4H
CZ100301K9;MAYENNE;4H
CZ1001020Y;MAYENNE;4H
CZ100301K8;MAYENNE;4H
CZ1001020W;MAYENNE;4H
CZ10010212;MAYENNE;4H
CZ100101ZT;MAYENNE;4H
CZ100301L1;MAYENNE;4H
CZ1001020Z;MAYENNE;4H
CZ100100UP;MAYENNE;4H
CZ100100VJ;MAYENNE;4H
CZ10010209;MAYENNE;4H
CZ1001020A;MAYENNE;4H
CZ1001020U;MAYENNE;4H
CZ100301KP;MAYENNE;4H
CZ100301JX;MAYENNE;4H
GB8919R8JK;MAYENNE;4H
CZJ93806N5;LENS;4H
CZJ638079R;LENS;4H
CZ1901007N;LENS;4H
CZ1901100XN;MAYENNE;4H
CZ190100XM;LENS;4H
CZ190100X8;MAYENNE;4H
CZ190100X9;MAYENNE;4H
CZ190100XE;LENS;4H
CZ190100XL;LENS;4H
CZ190100X5;MAYENNE;4H
CZ1901005S;LENS;4H
J0A0LGP42R;LENS;4H
CZJ00507AB;LENS;4H
CZJ00500RU;LENS;4H
CZJ912A418;LENS;4H
GB8919R7CD;LENS;4H
CZJ847A7CE;LENS;4H
CZJ847A7CJ;LENS;4H
CZJ847A83T;LENS;4H
CZJ847A83N;LENS;4H
J00ZLGP42F;LENS;4H
GBJ53800LV;LENS;4H
GBJ54204JW;LENS;4H
GBJ607053M;LENS;4H
CZJ62503XL;LENS;4H
CZJ620011X;LENS;4H
CZJ638070F;LENS;4H
CZJ63806VV;LENS;4H
CZJ914A8CF;LENS;4H
CZJ914A8DA;LENS;4H
GBJ50501M0;LENS;4H
GBJ427001E;LENS;4H
GBJ427001G;LENS;4H
GBJ51302L0;LENS;4H
GBJ53800HN;LENS;4H
GBJ53800MG;LENS;4H
CZJ62504CS;LENS;4H
CZJ95104AN;LENS;4H
CZJ93103LJ;LENS;4H
CZJ95101HX;LENS;4H
GB8919R7HF;LENS;4H
GB8919R7B9;LENS;4H
CZJ851A7NK;LENS;4H
CZJ851A6BT;LENS;4H
CZJ851A7NR;MAYENNE;4H
CZJ851A7NN;MAYENNE;4H
CZ190100XG;LENS;4H
CZ1901100XC;MAYENNE;4H
CZJ912A3AR;LENS;4H
GB8919R7AY;LENS;4H
GB8919R8HJ;MAYENNE;4H
GB8919R8HM;MAYENNE;4H
GB8919R8J9;MAYENNE;4H
GB8919R8HB;MAYENNE;4H
CZ1901007K;LENS;4H
CZ184201MR;LENS;4H
CZC849714R;MAYENNE;4H
CZC849715W;MAYENNE;4H
CZJ93603L1;MAYENNE;4H
GB8919R79J;LENS;4H
CZJ901A36T;LENS;4H
CZJ901A37A;MAYENNE;4H
CZ183901FB;LENS;4H
CZJ902A5R9;LENS;4H
CZJ902A3EC;MAYENNE;4H
CZJ902A3ED;MAYENNE;4H
GB8919R7AB;LENS;4H
CZJ902A5RA;MAYENNE;4H
CZ184400T2;LENS;4H
CZJ901A36S;LENS;4H
CZJ901A36P;LAVAL;4H
CZJ901A37B;LENS;4H
CZJ901A36W;MAYENNE;4H
CZJ902A3EA;LENS;4H
CZ190100XA;LENS;4H
CZ190100XJ;MAYENNE;4H
CZ184400T8;LENS;4H
CZ19010129;LENS;4H
CZJ628024U;LENS;4H
SR63MU8504;LENS;4H
CZJ851A6BW;LENS;4H
CZ190100XH;LENS;4H
CZ190100XD;MAYENNE;4H
CZJ851A7NP;MAYENNE;4H
CZJ847A7CM;LENS;4H
CZJ847A7CK;LENS;4H
CZJ847A83M;LENS;4H
CZJ901A36V;LENS;4H
CZJ901A36K;MAYENNE;4H
CZJ903A1T0;LENS;4H
CZJ901A373;LENS;4H
CZJ901A37C;MAYENNE;4H
CZJ901A36R;LENS;4H
CZJ901A36J;MAYENNE;4H
CZJ901A379;LENS;4H
CZJ901A36X;MAYENNE;4H
CZJ901A36N;LENS;4H
CZJ901A376;MAYENNE;4H
CZJ851A6C6;LENS;4H
CZJ901A370;MAYENNE;4H
CZJ851A6C5;LENS;4H
CZJ851A7NG;MAYENNE;4H
CZJ851A7NH;LENS;4H
CZJ851A6C4;MAYENNE;4H
CZJ851A58N;LENS;4H
CZJ851A6BJ;MAYENNE;4H
CZJ851A56L;LENS;4H
CZJ851A57A;MAYENNE;4H
CZJ931A75F;LENS;4H
CZJ93806D2;MAYENNE;4H
CZJ931A758;LENS;4H
CZJ938032S;LAVAL;4H
CZ19010081;LENS;4H
CZ190100X6;LENS;4H
CZ1901007L;MAYENNE;4H
CZ190100XB;MAYENNE;4H
CZJ851A562;LENS;4H
CZJ851A7NS;LENS;4H
CZJ851A6BN;MAYENNE;4H
CZJ851A6BF;MAYENNE;4H
CZJ708007M;MAYENNE;J+1
GB8919R8JC;MAYENNE;J+1
GBJ4471PLT;MAYENNE;J+1
CZJ702009W;MAYENNE;J+1
CZJ652058V;MAYENNE;J+1
CZJ7080072;MAYENNE;J+1
CZJ65205A0;MAYENNE;J+1
CZJ64901R1;MAYENNE;J+1
CZJ652059T;MAYENNE;J+1
CZJ1140QY8;MAYENNE;J+1
CZJ709037M;MAYENNE;J+1
37TPD4J;MAYENNE;J+1
CZJ708006E;MAYENNE;4H
CZJ735037N;MAYENNE;4H
CZJ702009R;MAYENNE;4H
GBJ54901DX;MAYENNE;4H
CZJ902A3E8;LENS;4H
CZJ93100WP;MAYENNE;4H
CZJ92801N0;MAYENNE;4H
CZJ93100WM;MAYENNE;4H
CZJ928088L;MAYENNE;4H
CZJ927036J;MAYENNE;4H
CZJ93007VE;LAVAL;4H
GB8919R42T;LENS;4H
CZJ0440FPG;LENS;4H
GB8919R0DX;LENS;4H
GBJ53402K0;LENS;4H
CZJ0440FPC;LENS;4H
818CLJC134;LENS;4H
CZJ628033S;LENS;4H
CZJ628033M;LENS;4H
GB8919R7J3;LENS;4H
GB8919R7D5;LENS;4H
GBJ52002GF;LENS;4H
CZJ834A63B;SARAN;4H
GB8919R8HL;LENS;J+1
GB8919R8H5;LENS;J+1
GB8919R7BH;LENS;J+1
GB8919R7JJ;LENS;J+1
GB8919R78F;LENS;J+1
GB8919R7KP;LENS;J+1
CZJ91706M7;LENS;J+1
GBJ60203ST;LENS;J+1
GB8919R7JP;LENS;J+1
GB8919R7AR;LENS;J+1
GB8919R388;LENS;J+1
GBJ60203SN;LENS;J+1
GBJ50102X8;LENS;J+1
GB8919R7K7;LENS;J+1
GB8919R7FM;LENS;J+1
GB8919R7FY;LENS;J+1
GB8919R7EV;LENS;J+1
CZJ01200FK;LENS;J+1
CZJ703108FZ;LENS;J+1
CQTMS4J;"CESSON SEVIGNE";J+1
1YJFS4J;"CESSON SEVIGNE";J+1
CZJ12604S1;LAVAL;4H
CZJ1340CCQ;LAVAL;4H
CZ183901FC;LENS;4H
CZJ13800FS;LAVAL;4H
CZJ13800FT;MAYENNE;4H
CZJ1340CC2;MAYENNE;4H
CZJ1380RL6;MAYENNE;4H
CZJ13800G2;MAYENNE;4H
CZJ1411356;MAYENNE;4H
CZJ1380RLJ;MAYENNE;4H
CZJ71304NV;LENS;J+1
CZE815001R;LENS;J+1
CZJ1080BTD;LENS;4H
CZJ1080BST;LENS;4H
CZJ1380RM4;MAYENNE;4H
CZJ13800HQ;MAYENNE;4H
CZJ13706Y7;MAYENNE;4H
CZ10070312;MAYENNE;J+1
GB8919R8H6;MAYENNE;J+1
GB8919R7ST;MAYENNE;J+1
GB8919R33S;MAYENNE;J+1
GB8919R348;MAYENNE;J+1
GB8919R8J1;MAYENNE;J+1
GB8919R8JJ;MAYENNE;J+1
GB8919R8J7;MAYENNE;J+1
GB8919R8J5;MAYENNE;J+1
CZJ70800YB;MAYENNE;J+1
CZJ94707TB;MAYENNE;J+1
CZ190201N9;MAYENNE;J+1
CZJ64102D5;MAYENNE;J+1
CZJ0320256;MAYENNE;J+1
GBJ613016R;MAYENNE;J+1
5PR285J;MAYENNE;4H
CZJ137042G;LAVAL;4H
CZJ1410SZV;LAVAL;4H
6PR285J;MAYENNE;4H
CZJ1380RLL;MAYENNE;4H
CZJ1380RLW;MAYENNE;4H
CZJ1340NSC;LAVAL;4H
CZJ13800BP;MAYENNE;4H
CZJ13800C4;MAYENNE;4H
CZJ13800FH;MAYENNE;4H
CZJ13800C5;MAYENNE;4H
CZJ13800BX;MAYENNE;4H
CZJ13800HJ;MAYENNE;4H
CZJ13800HD;MAYENNE;4H
CZJ13800BT;MAYENNE;4H
CZJ13800CH;MAYENNE;4H
CZJ13800HH;MAYENNE;4H
CZJ13800D6;MAYENNE;4H
CZJ13800CD;MAYENNE;4H
CZJ13800CJ;MAYENNE;4H
CZJ13800CV;MAYENNE;4H
CZJ13800HK;LAVAL;4H
CZJ135095Z;MAYENNE;4H
CZJ1350956;LAVAL;4H
CZJ13800BG;MAYENNE;4H
589395J;MAYENNE;4H
GB8919PYWY;MAYENNE;J+1
CZJ21515KT;LAVAL;4H
CZJ21515K7;MAYENNE;4H
CZJ21515MV;LAVAL;4H
CZJ21515MG;LAVAL;4H
CZJ21515JH;LAVAL;4H
CZJ21515JW;LAVAL;4H
CZJ21515NC;LAVAL;4H
CZJ21515KG;LAVAL;4H
CZJ21515KJ;LAVAL;4H
CZJ2120K10;MAYENNE;4H
CZJ212101D;MAYENNE;4H
CZJ21515MW;LAVAL;4H
CZJ21515LF;MAYENNE;4H
CZJ21515KL;MAYENNE;4H
CZJ21515LJ;MAYENNE;4H
CZJ21515L2;MAYENNE;4H
CZJ21515KM;MAYENNE;4H
CZJ21515JZ;MAYENNE;4H
CZJ21515LC;MAYENNE;4H
CZJ21515KQ;MAYENNE;4H
CZJ21515LG;MAYENNE;4H
CZJ21515LB;LAVAL;4H
CZJ2121TKW;LAVAL;4H
CZJ13800FC;LAVAL;4H
CZJ001080S;LENS;4H
989395J;MAYENNE;4H
889395J;MAYENNE;4H
B89395J;MAYENNE;4H
689395J;MAYENNE;4H
CZJ1500HZQ;MAYENNE;4H
1WXKC3J;MERIGNAC;4H
3WXKC3J;MERIGNAC;4H
3XC26D1;MERIGNAC;4H
6S8HY3J;MERIGNAC;4H
CZYKC3J;MERIGNAC;4H
DFSQ35J;MERIGNAC;4H
FFSQ35J;MERIGNAC;4H
HL96C3J;MAYENNE;4H
JVXKC3J;MERIGNAC;4H
CZJ2121TLC;LAVAL;4H
CZJ21801PV;MAYENNE;4H
CZJ21906KC;MAYENNE;4H
CZ22190KYB;LAVAL;4H
CZJ21906KT;LAVAL;4H
CZJ21302N9;LAVAL;4H
CZJ2121TKY;MAYENNE;4H
CZJ1400GD3;MAYENNE;4H
789395J;MAYENNE;4H
CZJ2121TKR;MAYENNE;4H
CZJ21801PF;LAVAL;4H
CZJ21801P9;LAVAL;4H
CZJ21801PK;MAYENNE;4H
CZJ21801PD;MAYENNE;4H
CZJ21801PC;LAVAL;4H
CZJ21801PM;LAVAL;4H
CZJ21801PG;MAYENNE;4H
CZJ218072T;LAVAL;4H
CZJ2180732;MAYENNE;4H
CZJ218089D;MAYENNE;4H
CZJ218089C;LAVAL;4H
CZJ218089H;LAVAL;4H
CZJ218089J;LAVAL;4H
CZJ218072Z;LAVAL;4H
CZJ218072Y;LAVAL;4H
CZJ2180737;MAYENNE;4H
CZJ219088B;LAVAL;4H
CZJ2220K9Q;MAYENNE;4H
CZJ2190883;LAVAL;4H
CZJ2190888;MAYENNE;4H
CZJ21905YY;MAYENNE;4H
CZJ2190884;MAYENNE;4H
CZJ2190889;MAYENNE;4H
CZJ2190887;LAVAL;4H
CZJ93103L7;LENS;J+1
CZJ13706XG;LENS;J+1
CZJ2180734;MAYENNE;J+1
BJ1YB5J;MAYENNE;4H
CZJ2160GG0;LAVAL;4H
CZJ213069D;LAVAL;4H
DJ1YB5J;MAYENNE;4H
CZJ2111FLD;LAVAL;4H
CZJ2180731;LAVAL;4H
CZJ2301S62;LAVAL;4H
CZJ2301S64;LAVAL;4H
CZJ2301S5Z;LAVAL;4H
CZJ2301S5X;LAVAL;4H
CZ100301KA;MAYENNE;J+1
CZJ903A1T1;MAYENNE;4H
1QMRC5J;MAYENNE;4H
9J1YB5J;MAYENNE;4H
CZJ224011Z;LAVAL;4H
CZJ224011Y;LAVAL;4H
G035J4J;MAYENNE;4H
CZJ22606HS;LAVAL;4H
CZJ22606HM;LAVAL;4H
CZJ2390R2G;LAVAL;4H
CZJ2390R15;LAVAL;4H
CZJ2370HRT;MAYENNE;4H
CZJ2370HRZ;MAYENNE;4H
CZJ2310LHV;MAYENNE;4H
CZJ2310LHV;MAYENNE;
CZJ2390R1F;MAYENNE;4H
CZJ2390R1F;MAYENNE;
CZJ2370HS1;MAYENNE;4H
CZJ2370HS4;LAVAL;4H
CZJ2370HRV;MAYENNE;4H
JJZRD5J;MAYENNE;4H
1KZRD5J;MAYENNE;4H
CZJ2470K3K;MAYENNE;4H
CZJ2390R2R;MAYENNE;4H
CZJ2390R18;MAYENNE;4H
CZJ2370HRY;"CESSON SEVIGNE";4H
CZJ2421W0R;MAYENNE;4H
95RJH5J;MAYENNE;4H
5C7125P29K;LAVAL;4H
CZJ24604DJ;MAYENNE;4H
CZJ2470K3F;MAYENNE;4H
CZJ24604DH;MAYENNE;4H
CZJ24604DS;MAYENNE;4H
CZJ24604DR;LAVAL;4H
CZJ24604FJ;MAYENNE;4H
CZJ24604DM;MAYENNE;4H
CZJ2491S70;MAYENNE;4H
CZJ2491S9C;MAYENNE;4H
CZJ24906NZ;MAYENNE;4H
3T1YB5J;LENS;4H
CZJ2470K4Q;MAYENNE;4H
CZJ24604DL;MAYENNE;4H
CZJ2470K4V;MAYENNE;4H
CZJ2500L22;MAYENNE;4H
CZJ2470K4R;MAYENNE;4H
CZJ24604DX;MAYENNE;4H
CZJ2500L20;MAYENNE;4H
B6CYMW1;MAYENNE;4H
CJ1YB5J;MAYENNE;4H
CZJ2500L1S;MAYENNE;4H
CZJ2500L27;MAYENNE;4H
CZJ2500L1T;LAVAL;4H
CZJ2500L1G;LAVAL;4H
CZJ2500L1G;LAVAL;
CZJ1490MT2;LAVAL;"24/7 6R"
CZJ1490MQ7;LAVAL;"24/7 6R"
CZJ1490MRP;MAYENNE;"24/7 6R"
CZJ1490MQ2;MAYENNE;"24/7 6R"
CZJ301038M;MAYENNE;4H
CZJ301038N;MAYENNE;4H
5C7233P1TG;MAYENNE;4H
CZJ30300YT;LAVAL;4H
CZJ30300YZ;MAYENNE;4H
CZJ30300YS;LAVAL;4H
CZJ301038T;LAVAL;4H
CZJ301038Z;LAVAL;4H
CZJ3010391;LAVAL;4H
CZJ00800D0;MAYENNE;J+1
CZJ00800CZ;MAYENNE;J+1
HR90NW1;LAVAL;4H
27CYMW1;MAYENNE;4H
CZJ30300Z4;MAYENNE;4H
CZJ30300Z2;MAYENNE;4H
CZJ31306ZW;MAYENNE;4H
CZJ30300YR;MAYENNE;4H
5S90NW1;LAVAL;4H
CZJ30300Z3;MAYENNE;4H
CZJ313070R;"CESSON SEVIGNE";4H
CZJ3130706;"CESSON SEVIGNE";4H
CZJ933043R;LAVAL;4H
2S6304B237;MAYENNE;4H
2S6243D202;MAYENNE;4H
CZJ31308VS;MAYENNE;4H
CZJ31308W2;"CESSON SEVIGNE";4H
CZJ812AANM;"CESSON SEVIGNE";4H
2J4M94J;MAYENNE;4H
CZJ751A957;MAYENNE;4H
CZJ31308WM;LAVAL;4H
CZJ31308WF;LAVAL;4H
CZJ3130715;LAVAL;4H
CZJ31309CP;LAVAL;4H
CZJ3060CJK;LAVAL;4H
CZJ3210WRF;LAVAL;4H
CZJ320099C;LAVAL;4H
CZJ3130999;MAYENNE;4H
GB8919R8H9;MAYENNE;4H
CZJ3220209;LAVAL;4H
CZJ3210WR7;LAVAL;4H
CZJ71607F7;MAYENNE;4H
CZJ010091W;LENS;4H
CZJ31309B3;LAVAL;4H
CZJ31309CZ;LAVAL;4H
CZJ313099L;MAYENNE;4H
JGVD6X1;LAVAL;4H
47CYMW1;MAYENNE;4H
CZJ13706XR;LENS;4H
CZJ13706XQ;LENS;4H
CZC94803K1;LENS;J+1
CZ10010215;SARAN;J+1
CZJ3280K3Q;MAYENNE;4H
CZJ31308W0;LAVAL;4H
CZJ30300YY;MAYENNE;4H
CZJ31308VN;MAYENNE;4H
CZJ3280K3X;MAYENNE;4H
CZJ3280K3V;MAYENNE;4H
CZJ3280K3R;MAYENNE;4H
CZJ3280K3P;MAYENNE;4H
CZJ3280K3W;MAYENNE;4H
CZJ32704HB;LENS;4H
CZJ32704JF;LENS;4H
7CT6WX1;LAVAL;4H
6CT6WX1;MAYENNE;4H
CZJ32603WJ;MAYENNE;4H
CZJ32603WD;MAYENNE;4H
CZJ0460VHQ;LAVAL;4H
CZJ1410T14;LAVAL;4H
CZJ33007QY;MAYENNE;4H
CZJ32908CB;MAYENNE;4H
CZJ33007QW;MAYENNE;4H
CZJ33007QX;LAVAL;4H
CZJ33007R0;MAYENNE;4H
CZJ32908CQ;MAYENNE;4H
CZJ33007QT;LAVAL;4H
CZJ3320KJM;LENS;4H
CZJ30300YQ;LAVAL;4H
G9M6WX1;MAYENNE;4H
CZJ32706HR;LAVAL;4H
CZJ32706HP;MAYENNE;4H
B9M6WX1;MAYENNE;4H
CZJ32706HL;MAYENNE;4H
CZJ33401Q1;MAYENNE;4H
CZJ334015H;MAYENNE;4H
CZJ3422JYH;MAYENNE;4H
CZJ3290FPN;MAYENNE;4H
CZJ34003HR;MAYENNE;4H
CZJ34003HH;MAYENNE;4H
CZJ3422KBP;LAVAL;4H
CZJ3422KBN;MAYENNE;4H
CZJ3290FPK;MAYENNE;4H
CZJ3290FNB;MAYENNE;4H
CZJ3290FPQ;MAYENNE;4H
CZJ3290FPB;MAYENNE;4H
CZJ3290FPM;MAYENNE;4H
CZJ3290FPL;MAYENNE;4H
CZJ3290FPJ;MAYENNE;4H
CZJ3422KBM;LAVAL;4H
CZJ34700L1;LAVAL;4H
CZJ34700KZ;LAVAL;4H
CZJ34700KY;LAVAL;4H
CZJ34700L2;LAVAL;4H
CZJ347096F;LAVAL;4H
CZJ347096R;LAVAL;4H
CZJ34003J0;MAYENNE;4H
CZJ34003J2;MAYENNE;4H
CZJ812A5T8;"CESSON SEVIGNE";J+1
CZJ34003J4;MAYENNE;4H
CZJ34003HB;MAYENNE;4H
CZJ35001C5;MAYENNE;4H
CZJ3510B24;MAYENNE;4H
CZJ3510B23;LENS;4H
CZJ4030P4L;LENS;4H
CZJ4030P3Z;LENS;4H
CZJ4030P45;LENS;4H
CZJ4030P3W;LENS;4H
CZJ351028B;LAVAL;4H
CZJ351028T;LAVAL;4H
CZJ351028M;LAVAL;4H
CZJ351028C;LAVAL;4H
CZJ351028J;LAVAL;4H
CZ2347155S;MAYENNE;4H
2S6351B309;LAVAL;4H
2S6348C073;LAVAL;4H
2S6351B310;LAVAL;4H
2S6351B306;MAYENNE;4H
2S6348D114;LAVAL;4H
2S6348D041;MAYENNE;4H
CZJ35001BL;LAVAL;J+1
CZJ7510323;MAYENNE;J+1
JM6DM4J;MAYENNE;J+1
GM6DM4J;MAYENNE;J+1
HM6DM4J;MAYENNE;J+1
CZJ94509AB;MAYENNE;J+1
CZJ94509A5;MAYENNE;J+1
CZJ945099Y;MAYENNE;J+1
CZJ351096M;LAVAL;4H
CZJ3510B2B;LAVAL;4H
CZJ413055H;LAVAL;4H
CZJ413055K;MAYENNE;4H
CZJ413055J;MAYENNE;4H
CZJ413055G;MAYENNE;4H
CZJ409046S;MAYENNE;4H
CZJ34809CN;MAYENNE;4H
CZJ34809C7;MAYENNE;4H
CZJ34809CJ;MAYENNE;4H
CZJ34809CB;LAVAL;4H
CZJ34809CM;MAYENNE;4H
CZJ0460VJH;MAYENNE;4H
CZJ40802BX;LAVAL;4H
CZC827586N;LAVAL;4H
CZ24120GYV;MAYENNE;4H
CZ24120GYX;MAYENNE;4H
CZJ4030P4C;MAYENNE;4H
CZJ4030P40;LAVAL;4H
7XJ2KY1;MAYENNE;4H
GYJ2KY1;MAYENNE;4H
CZJ41600GG;LAVAL;4H
CZJ41603DD;LAVAL;4H
CZJ41501NM;MAYENNE;4H
CZJ4030P4N;LAVAL;4H
CZJ41600GB;LAVAL;4H
CZJ4090320;LAVAL;4H
CZJ42303FL;MAYENNE;4H
CZJ3510B22;LAVAL;4H
CZJ42303FM;MAYENNE;4H
CZJ41504H1;MAYENNE;4H
CZJ41600GK;MAYENNE;4H
CZJ41604PF;LAVAL;4H
CZJ42201KP;MAYENNE;4H
CZJ42001YK;LAVAL;4H
CZJ35001C7;MAYENNE;4H
CZJ32900PQ;MAYENNE;4H
CZJ32900R7;MAYENNE;4H
CZJ41600GD;MAYENNE;4H
CZJ41600GF;MAYENNE;4H
CZJ42201DN;MAYENNE;4H
CZJ4160263;MAYENNE;4H
CZJ42001FY;MAYENNE;4H
JZ2HW4J;MAYENNE;J+1
FZJ2KY1;MAYENNE;4H
CZJ223025M;LAVAL;4H
F0K2KY1;MAYENNE;4H
HD72302;MAYENNE;4H
CZJ42301GD;LAVAL;4H
CZJ42500GY;LAVAL;4H
CZJ42301G6;LAVAL;4H
CZJ35001BM;LENS;4H
CZJ42500GZ;LAVAL;4H
CZ244003JM;MAYENNE;4H
CZ244003JD;MAYENNE;4H
CZJ42701XW;MAYENNE;4H
CZJ42701XV;LAVAL;4H
CZJ44105V1;LAVAL;4H
CZ244320KT;MAYENNE;4H
GB8829WM5X;MAYENNE;J+1
GB8949BRRF;MAYENNE;J+1
GB8947A902;MAYENNE;J+1
GB8829WM60;MAYENNE;J+1
GB8829WM63;MAYENNE;J+1
GB803340P1;MAYENNE;J+1
GB803340NT;MAYENNE;J+1
CZJ44801G3;MAYENNE;4H
C7FMH5J;MAYENNE;4H
B7FMH5J;MAYENNE;4H
4D2YH5J;MAYENNE;4H
3D2YH5J;MAYENNE;4H
5D2YH5J;MAYENNE;4H
75RJH5J;MAYENNE;4H
B5RJH5J;MAYENNE;4H
C5RJH5J;MAYENNE;4H
65RJH5J;MAYENNE;4H
" 85RJH5J";MAYENNE;4H
CZ3222KC9D;LAVAL;4H
3UV728N09C;MAYENNE;4H
CZJ64006RN;MAYENNE;4H
CZJ64006RT;MAYENNE;4H
CZJ64906UY;MAYENNE;4H
CZJ64906V5;MAYENNE;4H
GB8724JDS2;MAYENNE;4H
CZ190100XF;MAYENNE;4H
CZC82116LW;MAYENNE;J+1
CZJ0430CSZ;LAVAL;4H
CZJ107084Z;LAVAL;4H
CZJ10808G4;LAVAL;4H
GB8919R7JE;LENS;4H
CZ19010128;MAYENNE;4H
CZJ912A3BX;MAYENNE;J+1
CZJ10808GG;MAYENNE;4H
CZ24470C2G;MAYENNE;4H
CZJ44802P7;MAYENNE;4H
CZJ43301FZ;MAYENNE;4H
CZJ44801G0;MAYENNE;4H
CZJ441018H;MAYENNE;4H
CZJ3060CHR;LAVAL;4H
CZJ0320FY5;MAYENNE;4H
CZJ817A4RT;MAYENNE;4H
J00CLK892F;SARAN;J+1
CZJ944032V;MAYENNE;J+1
CZJ840A1TB;MAYENNE;J+1
CZJ003081Y;LAVAL;J+1
733ZL4J;LAVAL;J+1
633ZL4J;LAVAL;J+1
CZ100301K3;MAYENNE;J+1
CZJ64208DF;MAYENNE;J+1
CZ20091MGH;MAYENNE;J+1
D34FZ0J;MAYENNE;J+1
CZJ840A1U0;MAYENNE;J+1
CZJ12604R0;MAYENNE;J+1
CZJ946066C;MAYENNE;J+1
2S6338D153;MAYENNE;4h
2S6338D159;MAYENNE;4h
2S6441D048;MAYENNE;4h
2S6447D206;MAYENNE;4h
CZJ44802PD;LAVAL;4H
CZJ44802PF;LAVAL;4H
CZJ50109ZJ;LAVAL;4H
CZJ50109Z8;LAVAL;4H
CZJ502024M;LAVAL;4H
CZJ502024P;LAVAL;4H
FL3W11J;SARAN;J+1
CZC7475HM5;SARAN;J+1
GBJ53800ZD;SARAN;J+1
CZJ4420BWY;LENS;4H
CZJ4420BX0;LENS;4H
CZJ44005QP;LENS;4H
2S6441D044;MAYENNE;4H
2S6441D046;LAVAL;4H
2S6441D047;LAVAL;4H
2S6447D207;LAVAL;4H
CZC8480H2Y;MAYENNE;J+1
CZ10010207;MAYENNE;J+1
CZJ70704ER;MAYENNE;J+1
CZ100301JY;MAYENNE;J+1
DRN3Q4J;MAYENNE;4H
CZJ70602MH;MAYENNE;J+1
CZ100301KG;MAYENNE;J+1
CZ10010205;MAYENNE;J+1
CZ10010214;MAYENNE;J+1
CZ1001021C;MAYENNE;J+1
CZ10010210;MAYENNE;J+1
CZ100301JU;MAYENNE;J+1
CZJ94704PJ;MAYENNE;J+1
CZJ94509A4;MAYENNE;J+1
J44Z752;MAYENNE;4H
2JKZD52;MAYENNE;4H
JHKZD52;MAYENNE;4H
FHKZD52;MAYENNE;4H
CZJ62901HD;MAYENNE;J+1
CZJ103013G;laval;4H
4FF9G52;LAVAL;4H
2DF9G52;LAVAL;4H
HDF9G52;LAVAL;4H
CFF9G52;LAVAL;4H
CZJ103014Q;MAYENNE;4H
CZJ1140CHG;MAYENNE;4H
CZJ1380RLD;MAYENNE;4H
CZJ1380RLG;MAYENNE;4H
CZJ32704JS;SARAN;4H
C5WJQ52;SARAN;4H
46WJQ52;SARAN;4H
86WJQ52;SARAN;4H
73GN762;LAVAL;4H
G1GN762;MAYENNE;4H
DK9VD52;LENS;4H
6K9VD52;LENS;4H
4K9VD52;LENS;4H
FD9VD52;LENS;4H
B977302;LAVAL;4H
CZJ70805VT;MAYENNE;J+1
CZJ8290048;LENS;J+1
CZJ44801G1;"PARIS cedex 13";4H
CZJ32704HQ;"PARIS cedex 13";4H
CZJ32704J9;"PARIS cedex 13";4H
CZJ73300B0;LENS;4H
J00ALGP53J;MAYENNE;4H
CZJ24604FK;MAYENNE;4H
9P8NS62;LAVAL;4H
9P6MS62;LAVAL;4H
CZJ533016V;MAYENNE;4H
6JLFF62;LAVAL;4H
6Z5NL82;LAVAL;4H
6Z6RL82;LAVAL;4H
7W0LL82;LAVAL;4H
7W0NL82;LAVAL;4H
6JJTG62;LAVAL;4H
6JZTG62;LAVAL;4H
CZJ53006LR;LAVAL;4H
CX8DF62;LAVAL;4H
CX8RS62;LAVAL;4H
DJHTS62;LAVAL;4H
DJHKF62;LAVAL;4H
6JZXG62;LAVAL;4H
3KKQL82;LAVAL;4H
6Z5JL82;MAYENNE;4H
6Z3RL82;LAVAL;4H
7W0KL82;MAYENNE;4H
7W0PL82;MAYENNE;4H
7W0ML82;MAYENNE;4H
CX8NS62;MAYENNE;4H
DJHTM62;MAYENNE;4H
FZPNL82;MAYENNE;4H
CZJ53006LQ;MAYENNE;4H
CZJ5420FHN;MAYENNE;4H
CZJ5420FHC;MAYENNE;4H
FZNNL82;MAYENNE;"4H "
4M5N992;MAYENNE;4H
4M6L992;MAYENNE;4H
GB8919R8JT;MAYENNE;J+1
CZJ549060H;LAVAL;4H
80XBCC2;LAVAL;4H
81L8CC2;MAYENNE;4H
81MCCC2;LAVAL;4H
H1B9Z72;LENS;4H
H1BDF62;LENS;4H
DRK1VB2;MAYENNE;4H
D8JFCC2;LAVAL;4H
D8HBCC2;MAYENNE;4H
1Y3HWC2;MAYENNE;4H
1XT6WC2;MAYENNE;4H
1Y6DWC2;MAYENNE;4H
1XW9WC2;MAYENNE;4H
1Y5DWC2;MAYENNE;4H
CZJ5490H99;LAVAL;4H
CZJ5490H98;LAVAL;4H
9KW9CC2;MAYENNE;4H
GHF58C2;MAYENNE;4H
CZJ6090DL5;MAYENNE;4H
HD1L992;MAYENNE;4H
F73JDD2;MAYENNE;
F8HFDD2;MAYENNE;
F6SHDD2;MAYENNE;
F6THDD2;MAYENNE;
F6Q8DD2;LAVAL;
F8H8DD2;LAVAL;
F8HBDD2;LAVAL;
F6RFDD2;LAVAL;
HD1NL82;LAVAL;4H
HD1P992;LAVAL;4H
63TQGD2;MAYENNE;4H
63RVGD2;MAYENNE;4H
HD1PS62;MAYENNE;4H
CZ100101ZV;MAYENNE;J+1
65H0HD2;LAVAL;4H
65C0HD2;LAVAL;4H
65JWGD2;LAVAL;4H
65DVGD2;LAVAL;4H
63WVGD2;LAVAL;4H
63TXGD2;LAVAL;4H
65FSGD2;LAVAL;4H
63VRGD2;MAYENNE;4H
63XSGD2;MAYENNE;4H
2QT39F2;LAVAL;4H
2QTY8F2;LAVAL;4H
2QSY8F2;LAVAL;4H
2QS49F2;LAVAL;4H
2QS29F2;MAYENNE;4H
2QT09F2;MAYENNE;4H
